21,?,96844,HS-grad,9,Married-civ-spouse,?,Other-relative,White,Female,0,0,40,United-States,<=50K
56,Private,124566,5th-6th,3,Divorced,Machine-op-inspct,Not-in-family,White,Female,0,0,40,United-States,<=50K
30,Private,473133,Some-college,10,Married-civ-spouse,Sales,Husband,White,Male,0,0,50,United-States,<=50K
44,Private,335223,HS-grad,9,Married-civ-spouse,Handlers-cleaners,Husband,White,Male,0,0,40,United-States,>50K
53,Private,380086,HS-grad,9,Married-civ-spouse,Exec-managerial,Husband,White,Male,7688,0,48,United-States,>50K
32,Private,198265,1st-4th,2,Never-married,Exec-managerial,Own-child,White,Male,0,0,21,United-States,<=50K
33,?,32207,HS-grad,9,Divorced,?,Not-in-family,White,Male,0,0,75,United-States,<=50K
60,Private,288684,5th-6th,3,Divorced,Machine-op-inspct,Unmarried,White,Male,0,0,40,United-States,<=50K
35,Private,302604,Assoc-voc,11,Married-civ-spouse,Adm-clerical,Wife,White,Female,0,0,40,United-States,>50K
58,Private,170290,HS-grad,9,Divorced,Other-service,Not-in-family,White,Male,0,0,35,United-States,<=50K
53,Self-emp-inc,195398,Some-college,10,Married-civ-spouse,Sales,Husband,White,Male,0,1887,48,Canada,>50K
54,Local-gov,256923,Some-college,10,Married-civ-spouse,Exec-managerial,Wife,White,Female,0,0,40,United-States,>50K
26,Private,464552,9th,5,Never-married,Handlers-cleaners,Own-child,White,Male,0,0,45,Mexico,<=50K
27,Private,112754,Some-college,10,Married-civ-spouse,Machine-op-inspct,Husband,Black,Male,0,0,56,United-States,<=50K
59,Private,176118,Masters,14,Married-civ-spouse,Prof-specialty,Husband,White,Male,0,0,7,United-States,>50K
63,?,316627,10th,6,Married-civ-spouse,?,Husband,White,Male,0,0,10,United-States,<=50K
70,Private,146628,HS-grad,9,Married-civ-spouse,Transport-moving,Husband,White,Male,3471,0,33,United-States,<=50K
26,Private,108822,HS-grad,9,Never-married,Transport-moving,Unmarried,White,Male,0,0,40,United-States,<=50K
28,Private,208608,HS-grad,9,Married-civ-spouse,Adm-clerical,Wife,White,Female,0,0,30,United-States,<=50K
22,Private,317019,11th,7,Separated,Other-service,Unmarried,White,Female,0,0,20,United-States,<=50K
24,Private,250978,Some-college,10,Never-married,Transport-moving,Not-in-family,Black,Male,0,0,75,United-States,<=50K
46,Private,224559,HS-grad,9,Married-civ-spouse,Transport-moving,Husband,Black,Male,0,0,40,United-States,>50K
56,State-gov,138593,Assoc-acdm,12,Divorced,Prof-specialty,Not-in-family,White,Female,0,0,40,United-States,<=50K
37,Private,175614,10th,6,Never-married,Other-service,Unmarried,White,Female,0,0,40,United-States,<=50K
24,Private,396099,Some-college,10,Never-married,Adm-clerical,Not-in-family,White,Female,0,0,40,United-States,<=50K
39,Private,122493,HS-grad,9,Married-civ-spouse,Craft-repair,Husband,White,Male,7298,0,40,United-States,>50K
53,Local-gov,182677,Bachelors,13,Married-civ-spouse,Protective-serv,Husband,Asian-Pac-Islander,Male,0,0,50,Philippines,<=50K
57,State-gov,247624,Masters,14,Married-civ-spouse,Exec-managerial,Husband,White,Male,0,0,40,United-States,>50K
36,Private,210458,HS-grad,9,Married-civ-spouse,Exec-managerial,Husband,White,Male,0,0,60,Mexico,<=50K
25,Private,91639,Bachelors,13,Never-married,Sales,Not-in-family,White,Female,0,0,45,United-States,<=50K
29,Private,334096,HS-grad,9,Never-married,Handlers-cleaners,Not-in-family,White,Female,0,0,25,United-States,<=50K
21,?,183945,Some-college,10,Never-married,?,Own-child,White,Female,0,0,35,United-States,<=50K
47,Private,78022,Assoc-acdm,12,Married-civ-spouse,Sales,Husband,White,Male,0,0,50,United-States,<=50K
51,Self-emp-inc,318351,HS-grad,9,Divorced,Adm-clerical,Not-in-family,White,Female,0,1741,40,United-States,<=50K
23,Private,233280,Bachelors,13,Divorced,Adm-clerical,Not-in-family,White,Female,8614,0,70,United-States,>50K
22,Private,100188,Some-college,10,Never-married,Prof-specialty,Own-child,White,Female,0,0,20,United-States,<=50K
29,Private,85572,Bachelors,13,Never-married,Exec-managerial,Other-relative,White,Female,0,0,40,United-States,<=50K
50,Self-emp-not-inc,61735,Some-college,10,Married-civ-spouse,Other-service,Husband,White,Male,0,0,25,United-States,>50K
23,Private,206827,Assoc-acdm,12,Never-married,Prof-specialty,Not-in-family,White,Female,0,0,50,United-States,<=50K
21,Private,210053,Some-college,10,Never-married,Adm-clerical,Own-child,White,Female,0,0,40,United-States,<=50K
38,Local-gov,172016,Bachelors,13,Divorced,Prof-specialty,Own-child,Black,Female,0,0,40,United-States,<=50K
19,?,138153,Some-college,10,Never-married,?,Own-child,White,Female,0,0,40,United-States,<=50K
31,?,183855,11th,7,Never-married,?,Unmarried,White,Female,0,0,20,United-States,<=50K
30,Private,188362,HS-grad,9,Married-civ-spouse,Exec-managerial,Husband,White,Male,5178,0,40,United-States,>50K
42,Private,191429,HS-grad,9,Married-civ-spouse,Sales,Husband,White,Male,15024,0,60,United-States,>50K
52,Private,357596,HS-grad,9,Divorced,Adm-clerical,Unmarried,White,Male,0,0,40,United-States,<=50K
25,Local-gov,278404,Bachelors,13,Never-married,Exec-managerial,Not-in-family,White,Male,0,0,40,United-States,<=50K
20,Private,180339,HS-grad,9,Never-married,Other-service,Other-relative,White,Female,0,0,35,United-States,<=50K
43,Private,355431,Some-college,10,Divorced,Handlers-cleaners,Not-in-family,Black,Male,0,0,40,United-States,<=50K
33,Private,223212,Some-college,10,Never-married,Handlers-cleaners,Other-relative,White,Male,0,0,40,Mexico,<=50K
34,Private,116371,HS-grad,9,Divorced,Other-service,Not-in-family,White,Female,0,0,38,United-States,<=50K
41,?,199018,Some-college,10,Divorced,?,Not-in-family,White,Male,0,1504,40,United-States,<=50K
43,Private,435266,Doctorate,16,Separated,Exec-managerial,Not-in-family,White,Female,14084,0,60,United-States,>50K
61,Private,345697,HS-grad,9,Married-civ-spouse,Prof-specialty,Husband,White,Male,3103,0,40,United-States,>50K
49,Private,253973,10th,6,Never-married,Exec-managerial,Not-in-family,White,Female,0,0,40,United-States,<=50K
42,?,191149,Bachelors,13,Married-civ-spouse,?,Wife,White,Female,0,0,28,United-States,>50K
42,Private,197344,HS-grad,9,Married-civ-spouse,Other-service,Husband,White,Male,0,0,45,United-States,<=50K
23,Private,437161,Some-college,10,Never-married,Other-service,Unmarried,Black,Female,0,0,40,United-States,<=50K
72,?,94268,HS-grad,9,Married-civ-spouse,?,Husband,White,Male,0,0,8,United-States,<=50K
50,Self-emp-inc,207841,Some-college,10,Married-civ-spouse,Exec-managerial,Husband,White,Male,7298,0,45,United-States,>50K
34,Private,46492,HS-grad,9,Married-civ-spouse,Craft-repair,Husband,White,Male,0,0,50,United-States,>50K
47,State-gov,190325,Some-college,10,Divorced,Tech-support,Unmarried,Black,Female,0,0,48,United-States,<=50K
48,Private,158944,HS-grad,9,Widowed,Craft-repair,Not-in-family,White,Female,0,0,60,United-States,>50K
37,Private,228598,Some-college,10,Married-civ-spouse,Handlers-cleaners,Husband,Other,Male,0,0,40,Mexico,<=50K
23,Private,349156,HS-grad,9,Never-married,Farming-fishing,Not-in-family,White,Male,0,0,45,United-States,<=50K
17,?,246974,12th,8,Never-married,?,Own-child,White,Male,0,0,30,United-States,<=50K
66,Private,386120,11th,7,Married-civ-spouse,Other-service,Husband,White,Male,10605,0,40,United-States,>50K
26,Private,220678,5th-6th,3,Never-married,Handlers-cleaners,Own-child,Black,Female,0,0,40,Dominican-Republic,<=50K
41,Private,462964,HS-grad,9,Divorced,Exec-managerial,Not-in-family,White,Male,2174,0,50,United-States,<=50K
19,Private,158603,HS-grad,9,Never-married,Handlers-cleaners,Not-in-family,Black,Male,0,0,37,United-States,<=50K
26,?,167261,HS-grad,9,Divorced,?,Not-in-family,White,Female,0,0,15,United-States,<=50K
34,Private,412933,12th,8,Married-civ-spouse,Transport-moving,Husband,Black,Male,0,0,55,United-States,<=50K
59,Local-gov,167027,Some-college,10,Widowed,Adm-clerical,Not-in-family,White,Female,0,0,40,United-States,<=50K
24,Private,194829,HS-grad,9,Married-civ-spouse,Craft-repair,Husband,White,Male,0,0,45,United-States,>50K
47,Private,145636,Assoc-voc,11,Married-civ-spouse,Handlers-cleaners,Husband,White,Male,0,0,48,United-States,>50K
57,?,123632,Bachelors,13,Never-married,?,Not-in-family,Black,Female,0,0,35,United-States,<=50K
49,Private,27614,HS-grad,9,Separated,Machine-op-inspct,Not-in-family,White,Female,0,0,40,United-States,<=50K
25,Private,324854,Bachelors,13,Never-married,Sales,Not-in-family,White,Female,0,0,40,United-States,<=50K
37,Private,22245,Some-college,10,Divorced,Sales,Not-in-family,White,Male,0,0,40,Outlying-US(Guam-USVI-etc),<=50K
31,Private,101352,Bachelors,13,Never-married,Exec-managerial,Own-child,White,Female,0,0,40,United-States,<=50K
39,?,238721,Bachelors,13,Divorced,?,Own-child,Black,Female,0,0,40,United-States,<=50K
22,Private,289982,11th,7,Never-married,Other-service,Not-in-family,White,Female,0,0,40,United-States,<=50K
23,Private,399449,11th,7,Never-married,Other-service,Own-child,White,Female,0,0,40,United-States,<=50K
39,?,142804,HS-grad,9,Divorced,?,Unmarried,White,Female,0,0,16,United-States,<=50K
26,Private,121427,Bachelors,13,Never-married,Exec-managerial,Own-child,White,Female,0,0,40,United-States,<=50K
41,Private,230959,Bachelors,13,Never-married,Adm-clerical,Own-child,Asian-Pac-Islander,Female,0,0,40,Philippines,<=50K
42,Private,191342,Masters,14,Married-civ-spouse,Prof-specialty,Husband,Asian-Pac-Islander,Male,0,0,40,Taiwan,>50K
64,Private,285610,11th,7,Divorced,Machine-op-inspct,Not-in-family,White,Female,0,0,40,United-States,<=50K
25,Private,207369,Some-college,10,Never-married,Exec-managerial,Own-child,White,Female,0,0,40,United-States,<=50K
25,Federal-gov,80485,Masters,14,Divorced,Exec-managerial,Not-in-family,White,Female,0,0,40,United-States,<=50K
41,State-gov,33474,Bachelors,13,Married-civ-spouse,Prof-specialty,Husband,White,Male,0,0,50,United-States,<=50K
45,Private,173658,Some-college,10,Separated,Sales,Unmarried,White,Female,0,0,35,United-States,<=50K
36,Local-gov,202207,HS-grad,9,Married-spouse-absent,Protective-serv,Not-in-family,White,Male,0,0,69,Germany,>50K
36,Private,174242,Prof-school,15,Married-civ-spouse,Prof-specialty,Husband,White,Male,7298,0,50,United-States,>50K
22,Private,349212,Some-college,10,Never-married,Other-service,Own-child,White,Female,0,0,20,United-States,<=50K
17,?,54978,7th-8th,4,Never-married,?,Own-child,White,Female,0,0,15,United-States,<=50K
25,State-gov,81993,Bachelors,13,Never-married,Prof-specialty,Own-child,White,Male,0,0,46,United-States,<=50K
47,Private,311395,Some-college,10,Divorced,Machine-op-inspct,Not-in-family,Black,Male,0,0,40,United-States,<=50K
18,?,149017,12th,8,Never-married,?,Own-child,White,Male,0,0,10,United-States,<=50K
34,Self-emp-not-inc,156532,7th-8th,4,Divorced,Farming-fishing,Not-in-family,White,Male,0,0,50,United-States,<=50K
44,Private,53470,Bachelors,13,Divorced,Other-service,Own-child,White,Female,0,0,40,United-States,<=50K
27,Private,212578,Assoc-voc,11,Married-civ-spouse,Craft-repair,Husband,White,Male,0,1740,40,United-States,<=50K
25,Private,227465,HS-grad,9,Never-married,Craft-repair,Own-child,White,Male,0,0,40,United-States,<=50K
38,Private,423605,HS-grad,9,Married-civ-spouse,Craft-repair,Husband,White,Male,0,0,40,El-Salvador,<=50K
48,Private,149337,Assoc-acdm,12,Married-spouse-absent,Craft-repair,Not-in-family,White,Male,0,0,55,United-States,<=50K
27,State-gov,38353,Masters,14,Never-married,Prof-specialty,Not-in-family,White,Male,0,0,40,United-States,<=50K
30,Local-gov,325385,Masters,14,Never-married,Prof-specialty,Not-in-family,White,Male,0,0,50,United-States,<=50K
17,Private,196252,10th,6,Never-married,Other-service,Own-child,White,Male,0,0,16,United-States,<=50K
35,Private,110538,HS-grad,9,Married-civ-spouse,Other-service,Husband,White,Male,0,0,55,United-States,<=50K
75,Private,71385,HS-grad,9,Divorced,Handlers-cleaners,Not-in-family,White,Female,0,0,20,United-States,<=50K
34,Private,178449,Some-college,10,Married-civ-spouse,Exec-managerial,Husband,White,Male,3103,0,45,United-States,>50K
28,Federal-gov,366533,Some-college,10,Never-married,Adm-clerical,Not-in-family,White,Female,0,0,40,United-States,<=50K
38,Private,336326,11th,7,Never-married,Craft-repair,Unmarried,White,Male,1151,0,40,United-States,<=50K
23,Private,335439,Bachelors,13,Never-married,Sales,Not-in-family,White,Female,0,1741,50,United-States,<=50K
40,Private,184471,Some-college,10,Divorced,Machine-op-inspct,Not-in-family,White,Male,0,0,40,United-States,<=50K
37,Federal-gov,133526,Bachelors,13,Married-civ-spouse,Adm-clerical,Husband,White,Male,0,0,40,United-States,<=50K
18,Private,618808,Some-college,10,Never-married,Adm-clerical,Own-child,White,Female,0,0,40,United-States,<=50K
22,Private,408385,10th,6,Never-married,Handlers-cleaners,Own-child,White,Male,0,0,40,United-States,<=50K
31,Private,156192,Some-college,10,Married-civ-spouse,Craft-repair,Husband,White,Male,0,0,40,United-States,>50K
39,Private,126569,Some-college,10,Married-civ-spouse,Adm-clerical,Husband,White,Male,0,0,40,United-States,>50K
40,Private,300773,Assoc-acdm,12,Divorced,Tech-support,Not-in-family,White,Female,0,0,40,United-States,<=50K
31,Private,152109,HS-grad,9,Never-married,Exec-managerial,Not-in-family,White,Male,0,0,50,United-States,<=50K
19,Private,260275,11th,7,Separated,Craft-repair,Own-child,Black,Male,0,0,40,United-States,<=50K
17,Private,209650,12th,8,Never-married,Other-service,Own-child,White,Male,0,0,20,United-States,<=50K
73,Private,573446,Some-college,10,Married-civ-spouse,Prof-specialty,Husband,White,Male,0,0,15,United-States,<=50K
41,Private,253189,Some-college,10,Married-civ-spouse,Craft-repair,Husband,White,Male,0,0,40,United-States,<=50K
37,Private,200426,Some-college,10,Never-married,Other-service,Not-in-family,White,Female,0,0,18,United-States,<=50K
24,Private,109667,Masters,14,Never-married,Adm-clerical,Own-child,White,Male,0,0,15,United-States,<=50K
41,?,173651,Assoc-acdm,12,Married-civ-spouse,?,Husband,White,Male,0,0,99,United-States,<=50K
34,Local-gov,432204,Assoc-acdm,12,Married-civ-spouse,Other-service,Husband,White,Male,0,0,80,United-States,<=50K
28,Private,252013,Some-college,10,Never-married,Adm-clerical,Unmarried,White,Female,0,0,45,Japan,<=50K
68,?,461484,Some-college,10,Married-civ-spouse,?,Husband,White,Male,0,1648,10,United-States,>50K
19,Private,191889,HS-grad,9,Never-married,Craft-repair,Own-child,White,Male,0,0,25,United-States,<=50K
42,Private,112507,12th,8,Married-civ-spouse,Transport-moving,Husband,White,Male,0,0,30,United-States,<=50K
36,Private,224531,HS-grad,9,Married-civ-spouse,Craft-repair,Husband,White,Male,0,0,40,Poland,>50K
24,?,83783,7th-8th,4,Never-married,?,Not-in-family,White,Female,0,0,25,United-States,<=50K
46,Self-emp-not-inc,346783,Prof-school,15,Married-civ-spouse,Prof-specialty,Husband,White,Male,15024,0,35,Cuba,>50K
48,Federal-gov,72896,HS-grad,9,Married-civ-spouse,Handlers-cleaners,Husband,White,Male,0,0,40,United-States,<=50K
37,Private,171393,HS-grad,9,Married-civ-spouse,Sales,Husband,White,Male,0,1740,40,United-States,<=50K
27,Private,294931,HS-grad,9,Never-married,Machine-op-inspct,Unmarried,White,Male,0,0,40,Germany,<=50K
26,Private,198986,HS-grad,9,Never-married,Craft-repair,Other-relative,White,Male,0,0,40,United-States,<=50K
19,?,264767,HS-grad,9,Never-married,?,Own-child,White,Male,0,0,40,United-States,<=50K
55,Self-emp-not-inc,225623,Some-college,10,Married-civ-spouse,Farming-fishing,Husband,White,Male,0,0,40,United-States,<=50K
17,?,48610,HS-grad,9,Never-married,?,Own-child,White,Male,0,0,14,United-States,<=50K
57,Private,113974,HS-grad,9,Divorced,Adm-clerical,Unmarried,White,Female,0,0,40,United-States,<=50K
43,Private,334991,Bachelors,13,Married-civ-spouse,Sales,Husband,White,Male,0,0,50,United-States,>50K
24,Private,362059,12th,8,Never-married,Craft-repair,Own-child,White,Male,0,0,32,United-States,<=50K
37,Private,389725,HS-grad,9,Married-civ-spouse,Machine-op-inspct,Husband,White,Male,7298,0,40,United-States,>50K
25,Private,330774,9th,5,Married-civ-spouse,Machine-op-inspct,Husband,White,Male,0,0,40,United-States,<=50K
33,Private,149910,HS-grad,9,Married-civ-spouse,Machine-op-inspct,Wife,Black,Female,0,0,40,United-States,<=50K
49,Self-emp-inc,99401,Some-college,10,Married-civ-spouse,Exec-managerial,Husband,White,Male,0,0,45,United-States,<=50K
22,Private,104266,Some-college,10,Never-married,Sales,Own-child,White,Female,0,0,20,United-States,<=50K
21,Private,136440,Some-college,10,Never-married,Sales,Own-child,Asian-Pac-Islander,Female,0,0,15,South,<=50K
84,Private,65478,HS-grad,9,Widowed,Priv-house-serv,Not-in-family,White,Female,0,0,40,England,<=50K
24,Private,56121,5th-6th,3,Married-civ-spouse,Farming-fishing,Husband,White,Male,0,0,60,Mexico,<=50K
44,Private,143939,Some-college,10,Separated,Adm-clerical,Unmarried,White,Female,0,0,40,United-States,<=50K
44,Private,231853,HS-grad,9,Married-civ-spouse,Handlers-cleaners,Husband,Black,Male,0,1902,40,United-States,>50K
20,Private,267706,HS-grad,9,Never-married,Sales,Unmarried,White,Female,0,0,38,United-States,<=50K
37,Private,328301,Some-college,10,Never-married,Tech-support,Unmarried,White,Female,4934,0,60,United-States,>50K
30,Private,36340,11th,7,Divorced,Other-service,Unmarried,White,Female,0,0,35,United-States,<=50K
19,Private,112780,Some-college,10,Never-married,Sales,Own-child,White,Female,0,0,20,United-States,<=50K
51,Private,113045,Masters,14,Widowed,Exec-managerial,Unmarried,White,Male,15020,0,40,United-States,>50K
52,Private,196504,7th-8th,4,Married-civ-spouse,Handlers-cleaners,Husband,White,Male,0,0,40,United-States,<=50K
50,State-gov,136216,HS-grad,9,Widowed,Other-service,Not-in-family,White,Female,0,0,37,United-States,<=50K
34,Local-gov,158242,Bachelors,13,Never-married,Exec-managerial,Not-in-family,White,Female,0,0,43,United-States,<=50K
53,Private,180062,7th-8th,4,Married-civ-spouse,Craft-repair,Husband,White,Male,0,0,40,United-States,<=50K
39,Private,206888,Some-college,10,Divorced,Adm-clerical,Not-in-family,White,Female,0,0,40,United-States,<=50K
40,Private,77370,HS-grad,9,Married-civ-spouse,Craft-repair,Husband,White,Male,0,0,40,United-States,>50K
49,Self-emp-not-inc,349151,HS-grad,9,Married-civ-spouse,Exec-managerial,Husband,White,Male,3411,0,40,United-States,<=50K
52,Private,113843,Some-college,10,Divorced,Other-service,Unmarried,White,Female,0,0,45,United-States,<=50K
48,State-gov,176917,Some-college,10,Married-civ-spouse,Protective-serv,Husband,White,Male,0,0,40,United-States,>50K
58,?,226078,11th,7,Divorced,?,Unmarried,Black,Female,0,0,32,United-States,<=50K
30,Local-gov,177828,Bachelors,13,Separated,Prof-specialty,Not-in-family,White,Male,0,0,40,United-States,<=50K
44,Private,137304,HS-grad,9,Widowed,Machine-op-inspct,Not-in-family,Black,Female,0,0,40,United-States,<=50K
35,Private,138441,Bachelors,13,Married-civ-spouse,Exec-managerial,Husband,White,Male,0,0,40,United-States,>50K
46,Private,30840,Bachelors,13,Married-civ-spouse,Exec-managerial,Husband,White,Male,0,0,50,United-States,>50K
42,Private,149546,Some-college,10,Divorced,Craft-repair,Unmarried,White,Male,0,0,30,United-States,<=50K
29,Private,145182,HS-grad,9,Never-married,Protective-serv,Own-child,Black,Female,0,0,20,United-States,<=50K
25,Local-gov,270379,HS-grad,9,Never-married,Adm-clerical,Not-in-family,Black,Female,0,0,40,United-States,<=50K
18,Self-emp-inc,378036,12th,8,Never-married,Farming-fishing,Own-child,White,Male,0,0,10,United-States,<=50K
19,Private,118535,Some-college,10,Never-married,Other-service,Own-child,White,Female,0,0,20,United-States,<=50K
19,Private,239057,HS-grad,9,Never-married,Craft-repair,Own-child,White,Male,0,0,40,United-States,<=50K
80,Private,107740,HS-grad,9,Widowed,Handlers-cleaners,Not-in-family,White,Male,0,0,30,United-States,<=50K
61,Private,194804,Preschool,1,Separated,Transport-moving,Not-in-family,Black,Male,14344,0,40,United-States,>50K
46,Self-emp-not-inc,225065,Bachelors,13,Separated,Other-service,Unmarried,White,Female,0,0,45,Nicaragua,<=50K
27,Private,165412,HS-grad,9,Never-married,Adm-clerical,Own-child,White,Male,0,0,20,United-States,<=50K
26,Private,211199,10th,6,Never-married,Craft-repair,Not-in-family,White,Male,0,0,40,United-States,<=50K
50,State-gov,172962,HS-grad,9,Married-civ-spouse,Handlers-cleaners,Husband,White,Male,0,0,40,United-States,<=50K
59,Private,190748,HS-grad,9,Married-civ-spouse,Adm-clerical,Wife,White,Female,0,0,40,United-States,<=50K
38,Federal-gov,455379,12th,8,Married-civ-spouse,Protective-serv,Husband,White,Male,0,0,56,United-States,>50K
28,Private,112917,Assoc-voc,11,Married-civ-spouse,Tech-support,Husband,Other,Male,0,0,40,Mexico,<=50K
34,Private,299383,HS-grad,9,Never-married,Craft-repair,Not-in-family,Black,Male,0,0,40,United-States,<=50K
36,Private,22245,HS-grad,9,Married-civ-spouse,Sales,Husband,White,Male,0,0,40,United-States,>50K
23,Private,49683,Some-college,10,Never-married,Handlers-cleaners,Own-child,White,Male,0,0,25,United-States,<=50K
65,Local-gov,32846,Some-college,10,Divorced,Adm-clerical,Not-in-family,White,Female,2964,0,35,United-States,<=50K
35,Private,46947,Some-college,10,Divorced,Adm-clerical,Not-in-family,White,Female,0,0,45,United-States,<=50K
65,Private,165609,HS-grad,9,Married-civ-spouse,Other-service,Husband,White,Male,0,0,32,United-States,<=50K
39,Private,226894,HS-grad,9,Married-civ-spouse,Handlers-cleaners,Husband,Black,Male,0,0,40,United-States,<=50K
35,Private,143231,Assoc-voc,11,Married-civ-spouse,Adm-clerical,Husband,White,Male,0,0,44,United-States,>50K
33,Private,173730,Assoc-voc,11,Married-civ-spouse,Machine-op-inspct,Husband,White,Male,0,0,40,United-States,<=50K
32,Private,259425,Some-college,10,Divorced,Craft-repair,Not-in-family,White,Male,0,0,40,United-States,<=50K
36,Private,168747,Bachelors,13,Never-married,Transport-moving,Not-in-family,White,Male,0,0,40,United-States,<=50K
18,?,210652,HS-grad,9,Never-married,?,Own-child,White,Male,0,0,15,United-States,<=50K
25,Private,40915,Bachelors,13,Never-married,Prof-specialty,Not-in-family,White,Female,0,0,40,United-States,<=50K
32,Private,180303,Some-college,10,Married-civ-spouse,Exec-managerial,Husband,Asian-Pac-Islander,Male,0,0,70,South,<=50K
49,Private,182541,10th,6,Married-civ-spouse,Handlers-cleaners,Husband,White,Male,0,1485,40,United-States,>50K
29,Private,67306,HS-grad,9,Never-married,Adm-clerical,Unmarried,Amer-Indian-Eskimo,Female,0,0,40,United-States,<=50K
20,?,38032,HS-grad,9,Never-married,?,Not-in-family,White,Female,0,0,40,United-States,<=50K
44,Federal-gov,257395,Some-college,10,Married-civ-spouse,Prof-specialty,Husband,White,Male,0,0,40,United-States,>50K
29,Private,29261,Assoc-voc,11,Never-married,Machine-op-inspct,Not-in-family,White,Male,0,0,50,United-States,<=50K
19,Private,205977,Some-college,10,Married-civ-spouse,Adm-clerical,Other-relative,White,Female,0,0,20,United-States,<=50K
22,?,216639,Some-college,10,Never-married,?,Not-in-family,White,Female,0,1974,40,United-States,<=50K
17,Private,134768,11th,7,Never-married,Sales,Own-child,White,Female,0,0,20,United-States,<=50K
49,Private,32184,HS-grad,9,Divorced,Sales,Not-in-family,White,Female,0,0,36,United-States,<=50K
23,Private,138037,Bachelors,13,Never-married,Prof-specialty,Own-child,White,Male,0,1590,50,United-States,<=50K
49,Private,174426,Some-college,10,Married-civ-spouse,Sales,Husband,White,Male,0,1977,50,United-States,>50K
45,Private,50162,Some-college,10,Married-civ-spouse,Exec-managerial,Husband,White,Male,0,0,40,United-States,<=50K
49,Federal-gov,193998,Some-college,10,Never-married,Craft-repair,Not-in-family,Black,Male,0,0,40,United-States,<=50K
47,Self-emp-not-inc,187901,Prof-school,15,Married-civ-spouse,Prof-specialty,Husband,White,Male,0,0,50,United-States,>50K
56,Private,82050,11th,7,Married-civ-spouse,Machine-op-inspct,Husband,White,Male,7298,0,40,United-States,>50K
18,?,20057,Some-college,10,Never-married,?,Not-in-family,Asian-Pac-Islander,Female,0,0,16,United-States,<=50K
35,Private,144200,HS-grad,9,Never-married,Handlers-cleaners,Other-relative,Other,Male,0,0,25,Columbia,<=50K
80,Self-emp-not-inc,29441,7th-8th,4,Married-spouse-absent,Farming-fishing,Unmarried,White,Male,0,0,15,United-States,<=50K
65,Private,195695,HS-grad,9,Divorced,Adm-clerical,Not-in-family,White,Female,0,0,40,United-States,<=50K
51,Private,274502,Some-college,10,Widowed,Other-service,Unmarried,White,Female,0,0,25,United-States,<=50K
76,?,239900,HS-grad,9,Divorced,?,Not-in-family,White,Female,0,0,3,United-States,<=50K
22,Private,191954,Assoc-voc,11,Never-married,Sales,Own-child,White,Male,0,0,45,United-States,<=50K
33,Private,172304,Assoc-voc,11,Married-civ-spouse,Craft-repair,Husband,White,Male,0,0,50,United-States,>50K
44,Local-gov,174575,Masters,14,Married-civ-spouse,Prof-specialty,Husband,White,Male,7688,0,40,United-States,>50K
20,Private,325744,Some-college,10,Never-married,Sales,Other-relative,White,Male,0,0,40,United-States,<=50K
43,Private,26252,Some-college,10,Separated,Other-service,Unmarried,Amer-Indian-Eskimo,Female,0,0,36,United-States,<=50K
57,Private,176904,11th,7,Married-civ-spouse,Handlers-cleaners,Husband,White,Male,0,0,40,United-States,<=50K
37,Self-emp-not-inc,504871,Some-college,10,Married-civ-spouse,Craft-repair,Husband,White,Male,0,0,40,United-States,<=50K
28,Self-emp-not-inc,141702,HS-grad,9,Never-married,Sales,Not-in-family,White,Male,0,0,60,United-States,<=50K
30,Private,399088,Bachelors,13,Divorced,Prof-specialty,Unmarried,White,Female,0,0,50,United-States,<=50K
32,Local-gov,409282,HS-grad,9,Married-civ-spouse,Craft-repair,Husband,White,Male,0,0,40,United-States,<=50K
59,Private,532969,HS-grad,9,Married-civ-spouse,Other-service,Other-relative,White,Male,0,0,40,Nicaragua,<=50K
21,?,213366,Some-college,10,Never-married,?,Own-child,White,Female,0,0,38,United-States,<=50K
36,Private,188888,12th,8,Never-married,Handlers-cleaners,Own-child,White,Male,0,0,40,United-States,<=50K
38,Private,24126,Some-college,10,Divorced,Exec-managerial,Not-in-family,White,Female,0,0,40,United-States,<=50K
61,Self-emp-not-inc,151369,Masters,14,Married-civ-spouse,Prof-specialty,Husband,White,Male,99999,0,30,United-States,>50K
18,Private,115759,HS-grad,9,Never-married,Sales,Not-in-family,White,Female,0,0,35,United-States,<=50K
59,Self-emp-inc,171355,Masters,14,Divorced,Prof-specialty,Unmarried,White,Male,0,0,55,United-States,<=50K
18,Private,310175,12th,8,Never-married,Other-service,Own-child,White,Female,0,0,12,United-States,<=50K
44,Private,216116,HS-grad,9,Divorced,Adm-clerical,Unmarried,Black,Female,0,0,40,Jamaica,<=50K
23,Private,204141,Some-college,10,Never-married,Adm-clerical,Own-child,White,Male,0,0,40,United-States,<=50K
44,Private,212894,10th,6,Married-civ-spouse,Machine-op-inspct,Husband,White,Male,0,0,40,Greece,<=50K
49,Private,120121,Doctorate,16,Married-civ-spouse,Prof-specialty,Husband,White,Male,7688,0,45,United-States,>50K
59,Self-emp-not-inc,190997,10th,6,Married-civ-spouse,Exec-managerial,Husband,White,Male,0,0,36,United-States,<=50K
36,Private,224566,Bachelors,13,Never-married,Prof-specialty,Not-in-family,White,Male,99999,0,45,United-States,>50K
30,Private,235847,Bachelors,13,Never-married,Other-service,Own-child,White,Female,0,0,24,United-States,<=50K
56,?,124319,Masters,14,Married-civ-spouse,?,Husband,White,Male,0,0,40,United-States,>50K
27,Private,193807,HS-grad,9,Never-married,Craft-repair,Not-in-family,White,Male,0,1741,40,United-States,<=50K
69,Self-emp-not-inc,215926,7th-8th,4,Married-civ-spouse,Other-service,Husband,White,Male,0,0,35,United-States,<=50K
19,?,455665,HS-grad,9,Never-married,?,Own-child,White,Male,0,0,44,United-States,<=50K
36,Private,36423,Some-college,10,Married-civ-spouse,Adm-clerical,Husband,White,Male,0,0,60,United-States,<=50K
42,Private,32878,Bachelors,13,Married-civ-spouse,Prof-specialty,Husband,White,Male,99999,0,42,United-States,>50K
25,Private,96862,HS-grad,9,Never-married,Adm-clerical,Own-child,White,Female,2174,0,40,United-States,<=50K
17,Private,187879,9th,5,Never-married,Other-service,Not-in-family,White,Male,0,0,50,United-States,<=50K
40,Local-gov,36296,Bachelors,13,Married-civ-spouse,Prof-specialty,Husband,White,Male,0,0,50,United-States,>50K
40,Private,75615,HS-grad,9,Married-civ-spouse,Sales,Husband,Black,Male,0,0,43,United-States,<=50K
17,Private,168807,10th,6,Never-married,Other-service,Own-child,White,Male,0,0,25,United-States,<=50K
24,State-gov,161783,Bachelors,13,Never-married,Transport-moving,Not-in-family,Black,Male,0,0,40,?,<=50K
40,State-gov,13492,HS-grad,9,Married-civ-spouse,Protective-serv,Husband,Amer-Indian-Eskimo,Male,0,0,84,United-States,<=50K
65,Private,119769,HS-grad,9,Widowed,Priv-house-serv,Unmarried,Black,Female,0,0,20,United-States,<=50K
38,Private,313914,Bachelors,13,Separated,Farming-fishing,Unmarried,White,Female,0,0,45,United-States,<=50K
33,Private,172584,HS-grad,9,Never-married,Adm-clerical,Not-in-family,White,Female,0,1590,50,United-States,<=50K
28,Private,112425,Bachelors,13,Divorced,Tech-support,Not-in-family,White,Female,0,0,40,United-States,<=50K
22,Private,157783,HS-grad,9,Married-civ-spouse,Other-service,Husband,Asian-Pac-Islander,Male,0,0,35,Vietnam,<=50K
34,Private,356882,HS-grad,9,Married-civ-spouse,Tech-support,Husband,White,Male,0,0,40,United-States,<=50K
61,Private,156852,Assoc-voc,11,Widowed,Tech-support,Unmarried,White,Female,0,0,8,United-States,<=50K
63,Self-emp-not-inc,175177,Prof-school,15,Married-civ-spouse,Prof-specialty,Husband,White,Male,0,0,35,United-States,>50K
28,Private,425127,9th,5,Married-civ-spouse,Other-service,Other-relative,White,Female,0,0,35,United-States,<=50K
30,Local-gov,99761,Assoc-voc,11,Divorced,Adm-clerical,Own-child,White,Female,0,0,40,United-States,<=50K
36,Private,272950,Bachelors,13,Married-civ-spouse,Sales,Husband,White,Male,0,0,50,United-States,>50K
43,Self-emp-not-inc,174295,11th,7,Married-civ-spouse,Other-service,Husband,White,Male,0,0,40,United-States,<=50K
24,Local-gov,157678,HS-grad,9,Married-spouse-absent,Machine-op-inspct,Unmarried,White,Female,2036,0,42,United-States,<=50K
52,Private,186224,HS-grad,9,Married-civ-spouse,Transport-moving,Husband,White,Male,0,0,40,United-States,<=50K
17,Private,142587,11th,7,Never-married,Sales,Own-child,White,Female,0,0,10,United-States,<=50K
46,Private,131091,Masters,14,Married-civ-spouse,Exec-managerial,Husband,White,Male,0,0,50,United-States,>50K
43,Self-emp-not-inc,71269,Bachelors,13,Married-civ-spouse,Sales,Husband,White,Male,0,0,40,United-States,>50K
54,Private,311551,Some-college,10,Divorced,Exec-managerial,Unmarried,White,Male,0,0,60,United-States,<=50K
22,Self-emp-inc,171041,Bachelors,13,Never-married,Handlers-cleaners,Own-child,White,Male,0,0,40,United-States,<=50K
42,Self-emp-not-inc,140915,HS-grad,9,Married-civ-spouse,Sales,Husband,Asian-Pac-Islander,Male,0,0,60,South,<=50K
46,Private,41223,Some-college,10,Married-civ-spouse,Adm-clerical,Husband,White,Male,0,0,40,United-States,>50K
46,Self-emp-inc,292569,Bachelors,13,Married-civ-spouse,Tech-support,Husband,White,Male,7298,0,65,United-States,>50K
44,Private,132921,Assoc-acdm,12,Never-married,Prof-specialty,Not-in-family,White,Female,0,0,36,United-States,<=50K
59,Self-emp-inc,177271,Prof-school,15,Married-civ-spouse,Exec-managerial,Husband,White,Male,99999,0,84,United-States,>50K
58,Self-emp-inc,314482,HS-grad,9,Married-civ-spouse,Exec-managerial,Husband,White,Male,0,0,40,United-States,>50K
36,Private,310531,10th,6,Separated,Handlers-cleaners,Unmarried,Black,Male,0,0,40,United-States,<=50K
29,Private,145490,11th,7,Married-civ-spouse,Other-service,Husband,White,Male,0,0,40,United-States,<=50K
61,Private,181200,HS-grad,9,Divorced,Transport-moving,Not-in-family,White,Male,0,1564,40,United-States,>50K
29,Private,152951,Prof-school,15,Married-civ-spouse,Prof-specialty,Husband,White,Male,0,0,50,Canada,>50K
40,Private,85668,7th-8th,4,Married-civ-spouse,Craft-repair,Husband,White,Male,0,0,60,United-States,<=50K
30,Private,316606,Bachelors,13,Never-married,Prof-specialty,Not-in-family,White,Female,0,2339,50,United-States,<=50K
38,Private,220694,Masters,14,Married-civ-spouse,Exec-managerial,Husband,White,Male,0,0,50,United-States,>50K
24,Private,408585,7th-8th,4,Married-civ-spouse,Farming-fishing,Own-child,White,Female,0,0,45,Mexico,<=50K
42,Federal-gov,36699,Some-college,10,Married-civ-spouse,Adm-clerical,Husband,White,Male,0,0,40,United-States,<=50K
50,Private,104280,Some-college,10,Married-civ-spouse,Other-service,Husband,White,Male,0,0,40,United-States,>50K
29,Private,97254,11th,7,Never-married,Sales,Not-in-family,Amer-Indian-Eskimo,Male,4101,0,40,United-States,<=50K
35,Private,186420,Bachelors,13,Never-married,Exec-managerial,Not-in-family,White,Female,0,0,55,United-States,<=50K
44,Private,112482,Masters,14,Married-civ-spouse,Exec-managerial,Husband,White,Male,0,0,55,United-States,>50K
54,Private,317733,Doctorate,16,Widowed,Tech-support,Unmarried,White,Male,0,2472,40,United-States,>50K
56,Private,235136,7th-8th,4,Married-civ-spouse,Adm-clerical,Husband,White,Male,0,0,40,Dominican-Republic,<=50K
29,Private,229729,Bachelors,13,Married-civ-spouse,Other-service,Husband,White,Male,0,0,40,United-States,<=50K
66,Private,46677,Some-college,10,Widowed,Other-service,Unmarried,Black,Female,0,0,20,United-States,<=50K
48,Federal-gov,277946,Some-college,10,Married-civ-spouse,Craft-repair,Husband,White,Male,0,0,40,United-States,>50K
46,Private,263727,Some-college,10,Married-civ-spouse,Exec-managerial,Husband,White,Male,0,0,60,United-States,>50K
32,Private,74501,Masters,14,Never-married,Sales,Own-child,White,Female,0,0,50,United-States,<=50K
34,Private,143776,Masters,14,Never-married,Prof-specialty,Not-in-family,Black,Male,0,0,45,?,>50K
69,Private,179130,HS-grad,9,Divorced,Sales,Other-relative,White,Female,0,0,38,United-States,<=50K
23,State-gov,386568,Some-college,10,Separated,Prof-specialty,Not-in-family,White,Female,0,0,20,United-States,<=50K
22,Private,413110,HS-grad,9,Never-married,Other-service,Other-relative,Black,Female,0,0,15,United-States,<=50K
45,Private,72618,Assoc-voc,11,Divorced,Exec-managerial,Not-in-family,White,Male,0,0,60,United-States,<=50K
45,Private,102288,Some-college,10,Divorced,Adm-clerical,Not-in-family,White,Female,0,0,40,United-States,<=50K
47,Self-emp-not-inc,321851,Assoc-voc,11,Separated,Exec-managerial,Unmarried,White,Female,0,0,40,United-States,<=50K
32,Private,180871,11th,7,Married-civ-spouse,Craft-repair,Husband,White,Male,0,0,40,United-States,>50K
25,Private,124483,Bachelors,13,Never-married,Prof-specialty,Not-in-family,Asian-Pac-Islander,Male,0,0,50,India,<=50K
43,Private,72791,Some-college,10,Married-civ-spouse,Craft-repair,Husband,Black,Male,5178,0,40,United-States,>50K
47,State-gov,263215,Bachelors,13,Married-civ-spouse,Adm-clerical,Husband,White,Male,0,0,80,United-States,<=50K
34,Local-gov,207668,Masters,14,Married-civ-spouse,Prof-specialty,Husband,White,Male,0,0,41,United-States,>50K
30,Private,198953,Bachelors,13,Never-married,Exec-managerial,Not-in-family,Black,Female,0,0,40,United-States,<=50K
48,Private,38819,Masters,14,Married-civ-spouse,Prof-specialty,Husband,White,Male,0,0,75,United-States,<=50K
43,Private,107306,Some-college,10,Divorced,Craft-repair,Not-in-family,White,Male,0,0,55,Canada,<=50K
20,Private,161962,Some-college,10,Never-married,Adm-clerical,Own-child,White,Female,0,0,16,United-States,<=50K
83,Private,192305,Some-college,10,Divorced,Prof-specialty,Unmarried,White,Female,0,0,20,United-States,<=50K
42,Private,449925,Bachelors,13,Never-married,Sales,Not-in-family,White,Male,0,0,40,United-States,>50K
42,Local-gov,131167,Masters,14,Never-married,Prof-specialty,Not-in-family,White,Female,0,0,45,United-States,<=50K
30,Local-gov,268482,Some-college,10,Never-married,Craft-repair,Own-child,White,Male,0,0,40,United-States,<=50K
34,State-gov,103642,HS-grad,9,Married-civ-spouse,Other-service,Husband,White,Male,0,1651,40,United-States,<=50K
43,Private,201723,HS-grad,9,Married-civ-spouse,Other-service,Husband,White,Male,0,0,40,United-States,<=50K
53,Private,186224,Assoc-voc,11,Never-married,Exec-managerial,Not-in-family,White,Male,0,0,35,United-States,<=50K
39,Self-emp-not-inc,139703,Some-college,10,Never-married,Prof-specialty,Not-in-family,Black,Female,0,0,48,United-States,>50K
33,Private,397995,Bachelors,13,Never-married,Prof-specialty,Not-in-family,White,Male,0,0,40,United-States,<=50K
52,Private,259323,HS-grad,9,Married-civ-spouse,Craft-repair,Husband,White,Male,0,0,40,United-States,>50K
18,State-gov,427515,HS-grad,9,Never-married,Adm-clerical,Own-child,Black,Female,0,0,20,United-States,<=50K
21,?,187937,Some-college,10,Never-married,?,Other-relative,White,Female,0,0,52,United-States,<=50K
34,Private,177437,10th,6,Married-civ-spouse,Transport-moving,Husband,White,Male,0,0,60,United-States,<=50K
32,Private,162442,Bachelors,13,Never-married,Exec-managerial,Not-in-family,White,Female,0,0,60,United-States,<=50K
48,Private,83407,Masters,14,Married-civ-spouse,Prof-specialty,Husband,White,Male,0,0,50,United-States,>50K
61,?,265201,Some-college,10,Married-civ-spouse,?,Husband,White,Male,0,0,14,United-States,<=50K
19,Private,109005,Some-college,10,Never-married,Sales,Own-child,White,Female,0,0,20,United-States,<=50K
55,Local-gov,56915,HS-grad,9,Divorced,Exec-managerial,Unmarried,Amer-Indian-Eskimo,Male,0,0,8,United-States,<=50K
37,Private,210830,Assoc-voc,11,Divorced,Prof-specialty,Unmarried,White,Female,0,0,38,United-States,<=50K
24,Private,194848,Bachelors,13,Never-married,Tech-support,Own-child,White,Male,0,0,40,United-States,<=50K
39,Private,109351,Assoc-voc,11,Separated,Adm-clerical,Not-in-family,White,Female,0,0,40,United-States,<=50K
39,Private,105813,HS-grad,9,Married-civ-spouse,Craft-repair,Husband,White,Male,3908,0,72,United-States,<=50K
32,Private,123430,HS-grad,9,Married-civ-spouse,Farming-fishing,Husband,White,Male,0,0,65,United-States,<=50K
44,Private,105896,Bachelors,13,Divorced,Prof-specialty,Not-in-family,White,Female,0,0,36,United-States,<=50K
35,Self-emp-not-inc,135020,Bachelors,13,Married-civ-spouse,Sales,Husband,White,Male,0,0,40,Germany,<=50K
27,Private,136077,HS-grad,9,Never-married,Exec-managerial,Not-in-family,White,Male,0,0,48,United-States,<=50K
18,Private,151463,11th,7,Never-married,Craft-repair,Own-child,White,Male,0,0,20,United-States,<=50K
43,Private,73333,Some-college,10,Never-married,Exec-managerial,Not-in-family,White,Female,2174,0,40,United-States,<=50K
51,Local-gov,43705,Masters,14,Married-civ-spouse,Prof-specialty,Husband,White,Male,0,0,54,United-States,>50K
26,Private,320465,HS-grad,9,Never-married,Other-service,Not-in-family,Black,Male,0,0,40,United-States,<=50K
23,Private,237811,Some-college,10,Never-married,Adm-clerical,Unmarried,Black,Female,0,0,40,Trinadad&Tobago,<=50K
41,State-gov,190910,HS-grad,9,Married-civ-spouse,Farming-fishing,Other-relative,White,Male,0,0,40,United-States,<=50K
33,Self-emp-inc,348326,HS-grad,9,Married-civ-spouse,Transport-moving,Husband,White,Male,0,0,50,United-States,<=50K
41,Private,163287,HS-grad,9,Married-civ-spouse,Sales,Husband,White,Male,0,0,62,United-States,<=50K
31,Private,97723,Assoc-acdm,12,Married-civ-spouse,Craft-repair,Husband,White,Male,0,0,40,United-States,>50K
56,State-gov,160383,10th,6,Widowed,Other-service,Not-in-family,White,Female,0,0,37,United-States,<=50K
39,Federal-gov,263690,Masters,14,Married-civ-spouse,Other-service,Husband,Black,Male,3137,0,40,Trinadad&Tobago,<=50K
42,Private,278926,Some-college,10,Divorced,Exec-managerial,Not-in-family,White,Female,0,0,40,United-States,<=50K
33,Private,189017,12th,8,Married-civ-spouse,Handlers-cleaners,Husband,White,Male,0,0,40,United-States,<=50K
22,Private,87546,HS-grad,9,Married-civ-spouse,Machine-op-inspct,Wife,White,Female,0,0,40,United-States,<=50K
23,Local-gov,145112,Bachelors,13,Never-married,Prof-specialty,Own-child,White,Female,0,0,43,United-States,<=50K
55,Private,107308,Assoc-voc,11,Married-civ-spouse,Machine-op-inspct,Husband,White,Male,0,0,40,United-States,<=50K
79,Local-gov,132668,HS-grad,9,Married-civ-spouse,Sales,Husband,White,Male,0,0,15,United-States,<=50K
47,Private,175600,HS-grad,9,Married-civ-spouse,Craft-repair,Husband,White,Male,0,0,40,United-States,<=50K
51,Private,176608,HS-grad,9,Married-civ-spouse,Machine-op-inspct,Wife,White,Female,0,0,40,United-States,<=50K
37,Private,217054,HS-grad,9,Never-married,Adm-clerical,Not-in-family,White,Male,0,0,40,United-States,<=50K
47,Local-gov,244813,HS-grad,9,Married-civ-spouse,Exec-managerial,Husband,White,Male,0,0,40,United-States,<=50K
44,Private,77373,Bachelors,13,Married-civ-spouse,Exec-managerial,Husband,White,Male,0,0,50,United-States,>50K
41,Private,135823,Assoc-voc,11,Married-civ-spouse,Prof-specialty,Husband,White,Male,0,0,40,United-States,<=50K
56,Private,174864,Bachelors,13,Divorced,Exec-managerial,Unmarried,White,Male,0,0,45,United-States,>50K
45,Private,121676,Some-college,10,Married-civ-spouse,Prof-specialty,Wife,White,Female,0,0,36,United-States,>50K
38,Private,108140,HS-grad,9,Married-civ-spouse,Craft-repair,Husband,White,Male,0,0,50,United-States,>50K
46,Private,185041,Some-college,10,Married-civ-spouse,Exec-managerial,Husband,White,Male,0,1902,50,United-States,>50K
47,Self-emp-inc,144579,Bachelors,13,Married-civ-spouse,Exec-managerial,Husband,White,Male,0,0,90,United-States,<=50K
26,Private,143280,HS-grad,9,Never-married,Adm-clerical,Other-relative,White,Female,0,0,40,United-States,<=50K
41,Private,242804,HS-grad,9,Married-civ-spouse,Transport-moving,Husband,White,Male,0,0,40,United-States,>50K
48,Private,156926,Bachelors,13,Married-civ-spouse,Sales,Husband,White,Male,0,0,45,United-States,>50K
55,Self-emp-inc,103948,Assoc-voc,11,Married-civ-spouse,Exec-managerial,Husband,White,Male,0,0,60,United-States,<=50K
28,Private,249720,Some-college,10,Married-civ-spouse,Prof-specialty,Husband,White,Male,0,0,40,United-States,<=50K
52,Private,203635,Bachelors,13,Married-civ-spouse,Exec-managerial,Husband,White,Male,0,1902,65,United-States,>50K
31,Private,136721,HS-grad,9,Divorced,Machine-op-inspct,Not-in-family,White,Female,0,0,40,United-States,<=50K
27,Private,114865,HS-grad,9,Separated,Craft-repair,Not-in-family,White,Male,0,0,45,United-States,<=50K
23,Private,166517,HS-grad,9,Married-civ-spouse,Adm-clerical,Husband,White,Male,0,0,40,United-States,<=50K
27,Private,96219,Bachelors,13,Never-married,Exec-managerial,Other-relative,White,Female,0,0,40,United-States,<=50K
48,Private,236197,12th,8,Widowed,Handlers-cleaners,Not-in-family,Asian-Pac-Islander,Male,0,0,40,Guatemala,<=50K
39,Private,357118,Bachelors,13,Never-married,Exec-managerial,Not-in-family,White,Female,0,1974,40,United-States,<=50K
25,Private,193787,Bachelors,13,Married-civ-spouse,Sales,Wife,White,Female,0,0,45,United-States,<=50K
27,Private,607658,Bachelors,13,Never-married,Sales,Not-in-family,White,Female,0,0,40,United-States,<=50K
64,Local-gov,47298,Doctorate,16,Married-civ-spouse,Protective-serv,Husband,White,Male,0,0,45,United-States,>50K
55,Local-gov,258121,Prof-school,15,Married-civ-spouse,Prof-specialty,Husband,White,Male,0,1902,40,United-States,>50K
46,Private,411037,10th,6,Divorced,Sales,Unmarried,White,Female,0,0,35,United-States,<=50K
23,Private,228724,Some-college,10,Never-married,Prof-specialty,Not-in-family,White,Male,0,0,20,United-States,<=50K
28,Private,179008,HS-grad,9,Married-civ-spouse,Transport-moving,Husband,White,Male,0,0,48,United-States,<=50K
37,Private,422933,Masters,14,Never-married,Exec-managerial,Own-child,White,Male,0,0,40,United-States,>50K
27,Private,32452,Masters,14,Married-civ-spouse,Adm-clerical,Wife,White,Female,0,0,20,United-States,>50K
35,Private,54363,Assoc-acdm,12,Married-civ-spouse,Exec-managerial,Husband,White,Male,0,0,50,United-States,>50K
35,Private,113397,HS-grad,9,Married-civ-spouse,Sales,Husband,White,Male,0,0,45,Japan,<=50K
45,Private,159080,HS-grad,9,Married-civ-spouse,Adm-clerical,Own-child,White,Female,0,0,15,United-States,<=50K
59,State-gov,354948,Bachelors,13,Married-civ-spouse,Prof-specialty,Husband,White,Male,3103,0,40,United-States,>50K
31,Private,162572,Bachelors,13,Married-civ-spouse,Sales,Husband,White,Male,15024,0,60,United-States,>50K
35,Private,108140,HS-grad,9,Divorced,Craft-repair,Not-in-family,White,Male,0,0,40,United-States,<=50K
58,Private,126104,10th,6,Divorced,Other-service,Unmarried,White,Female,0,0,65,United-States,<=50K
41,Private,145522,Bachelors,13,Never-married,Prof-specialty,Not-in-family,White,Female,0,0,45,United-States,<=50K
20,Private,61777,Some-college,10,Never-married,Sales,Not-in-family,White,Male,0,0,30,United-States,<=50K
39,Private,139057,Prof-school,15,Married-civ-spouse,Prof-specialty,Husband,Asian-Pac-Islander,Male,0,0,38,India,<=50K
31,Private,113129,HS-grad,9,Married-civ-spouse,Sales,Husband,White,Male,0,0,40,United-States,<=50K
27,Private,202062,Bachelors,13,Never-married,Prof-specialty,Own-child,Black,Male,0,0,40,United-States,<=50K
34,Private,31341,HS-grad,9,Divorced,Adm-clerical,Unmarried,White,Female,0,0,40,United-States,<=50K
32,Private,196125,HS-grad,9,Married-civ-spouse,Machine-op-inspct,Husband,White,Male,0,0,40,United-States,>50K
33,Private,44559,HS-grad,9,Married-civ-spouse,Prof-specialty,Husband,White,Male,0,0,35,United-States,<=50K
33,Self-emp-not-inc,202153,Some-college,10,Married-civ-spouse,Craft-repair,Husband,White,Male,2829,0,40,United-States,<=50K
35,Private,238980,Some-college,10,Never-married,Sales,Not-in-family,White,Male,0,0,40,United-States,<=50K
56,Self-emp-not-inc,156873,HS-grad,9,Married-civ-spouse,Craft-repair,Husband,White,Male,0,0,40,United-States,<=50K
20,Private,32805,HS-grad,9,Never-married,Other-service,Not-in-family,White,Female,0,0,40,United-States,<=50K
68,Self-emp-not-inc,273088,Some-college,10,Married-civ-spouse,Craft-repair,Husband,White,Male,0,0,10,United-States,<=50K
43,Self-emp-not-inc,241055,Masters,14,Married-civ-spouse,Sales,Husband,White,Male,0,0,45,United-States,<=50K
25,Private,157028,Bachelors,13,Never-married,Sales,Not-in-family,White,Male,0,0,60,United-States,<=50K
35,Local-gov,304252,Assoc-acdm,12,Divorced,Exec-managerial,Not-in-family,Asian-Pac-Islander,Female,0,0,40,Vietnam,<=50K
57,Private,106910,Assoc-voc,11,Divorced,Other-service,Other-relative,Asian-Pac-Islander,Female,0,0,40,Outlying-US(Guam-USVI-etc),<=50K
57,Private,127728,7th-8th,4,Married-civ-spouse,Transport-moving,Husband,White,Male,0,0,44,United-States,>50K
37,State-gov,178876,HS-grad,9,Married-civ-spouse,Protective-serv,Husband,Amer-Indian-Eskimo,Male,0,0,40,United-States,<=50K
18,Private,78181,Some-college,10,Never-married,Other-service,Other-relative,White,Female,0,0,40,United-States,<=50K
21,?,212661,Some-college,10,Never-married,?,Own-child,White,Female,0,0,30,United-States,<=50K
29,Private,288229,HS-grad,9,Married-civ-spouse,Tech-support,Wife,Asian-Pac-Islander,Female,4386,0,45,United-States,>50K
24,Private,205883,HS-grad,9,Never-married,Adm-clerical,Unmarried,Black,Female,0,0,40,United-States,<=50K
36,Local-gov,268205,Bachelors,13,Divorced,Prof-specialty,Unmarried,White,Female,0,0,52,United-States,<=50K
23,Private,113735,Some-college,10,Divorced,Adm-clerical,Other-relative,White,Female,0,0,20,United-States,<=50K
36,Private,390243,HS-grad,9,Never-married,Craft-repair,Own-child,Black,Male,0,0,40,United-States,<=50K
52,Private,137984,HS-grad,9,Divorced,Craft-repair,Unmarried,White,Female,0,0,40,United-States,<=50K
41,Private,160785,Some-college,10,Married-civ-spouse,Exec-managerial,Husband,White,Male,0,0,60,United-States,>50K
18,Private,86150,HS-grad,9,Never-married,Exec-managerial,Own-child,Asian-Pac-Islander,Female,0,0,15,United-States,<=50K
32,Private,244268,11th,7,Married-civ-spouse,Craft-repair,Husband,White,Male,0,1672,48,United-States,<=50K
34,Self-emp-inc,177828,HS-grad,9,Divorced,Sales,Unmarried,White,Male,0,0,50,United-States,>50K
29,Private,337953,Bachelors,13,Never-married,Handlers-cleaners,Not-in-family,White,Male,0,0,36,United-States,<=50K
56,Self-emp-not-inc,254711,HS-grad,9,Married-civ-spouse,Sales,Husband,White,Male,0,0,20,United-States,<=50K
60,Private,127084,7th-8th,4,Married-civ-spouse,Transport-moving,Husband,White,Male,0,0,60,United-States,<=50K
19,Private,156618,HS-grad,9,Never-married,Other-service,Own-child,White,Female,0,1602,20,United-States,<=50K
30,Private,201697,HS-grad,9,Separated,Other-service,Not-in-family,White,Female,0,0,35,United-States,<=50K
50,Self-emp-not-inc,187830,Bachelors,13,Divorced,Craft-repair,Not-in-family,White,Male,27828,0,16,United-States,>50K
52,Private,240612,HS-grad,9,Married-civ-spouse,Prof-specialty,Wife,White,Female,0,0,40,Peru,>50K
66,Self-emp-not-inc,190160,Prof-school,15,Married-civ-spouse,Prof-specialty,Husband,White,Male,0,0,20,United-States,<=50K
28,Private,109001,HS-grad,9,Never-married,Handlers-cleaners,Not-in-family,White,Male,0,0,40,United-States,<=50K
35,Local-gov,297322,Some-college,10,Married-civ-spouse,Transport-moving,Husband,Black,Male,0,0,40,United-States,>50K
29,Private,335015,HS-grad,9,Married-civ-spouse,Craft-repair,Husband,White,Male,0,0,48,United-States,<=50K
50,Private,174964,7th-8th,4,Married-civ-spouse,Transport-moving,Husband,White,Male,0,0,40,United-States,<=50K
34,Federal-gov,408813,HS-grad,9,Married-civ-spouse,Craft-repair,Wife,White,Female,0,0,40,United-States,>50K
37,Private,115332,HS-grad,9,Married-civ-spouse,Transport-moving,Husband,Black,Male,0,0,50,United-States,<=50K
29,Local-gov,170482,HS-grad,9,Married-civ-spouse,Protective-serv,Husband,Black,Male,0,2057,40,United-States,<=50K
34,Private,113688,Some-college,10,Divorced,Other-service,Not-in-family,White,Female,0,0,34,United-States,<=50K
27,Private,133770,Bachelors,13,Never-married,Prof-specialty,Not-in-family,Asian-Pac-Islander,Male,2202,0,52,Philippines,<=50K
57,Private,161964,12th,8,Married-civ-spouse,Craft-repair,Husband,White,Male,0,0,40,United-States,<=50K
30,Private,34572,Prof-school,15,Married-civ-spouse,Prof-specialty,Husband,White,Male,0,0,80,United-States,>50K
21,Private,198259,HS-grad,9,Never-married,Handlers-cleaners,Own-child,White,Female,0,0,30,United-States,<=50K
73,?,144872,HS-grad,9,Married-civ-spouse,?,Husband,White,Male,0,0,25,Canada,<=50K
57,Private,161944,Some-college,10,Married-civ-spouse,Prof-specialty,Husband,White,Male,7688,0,60,United-States,>50K
51,Private,29887,Bachelors,13,Divorced,Tech-support,Not-in-family,White,Male,0,1590,40,United-States,<=50K
37,Federal-gov,238980,Masters,14,Never-married,Adm-clerical,Not-in-family,White,Male,0,0,42,United-States,<=50K
42,Private,275677,Assoc-voc,11,Married-civ-spouse,Adm-clerical,Husband,White,Male,0,0,50,United-States,<=50K
32,Private,24529,Assoc-voc,11,Married-civ-spouse,Sales,Husband,White,Male,5178,0,60,United-States,>50K
51,Self-emp-not-inc,311631,Bachelors,13,Married-civ-spouse,Sales,Husband,White,Male,0,0,40,United-States,>50K
19,Private,105460,9th,5,Never-married,Craft-repair,Own-child,White,Male,0,0,20,United-States,<=50K
24,Private,374763,11th,7,Separated,Craft-repair,Not-in-family,White,Male,0,0,40,Mexico,<=50K
25,Private,242136,HS-grad,9,Divorced,Machine-op-inspct,Not-in-family,Black,Male,0,0,40,United-States,<=50K
31,Private,112115,HS-grad,9,Never-married,Machine-op-inspct,Not-in-family,White,Male,0,0,40,United-States,<=50K
49,Self-emp-inc,77132,HS-grad,9,Married-civ-spouse,Exec-managerial,Husband,White,Male,0,0,40,Canada,>50K
81,?,26711,Assoc-voc,11,Married-civ-spouse,?,Husband,White,Male,2936,0,20,United-States,<=50K
60,Private,117909,Assoc-voc,11,Married-civ-spouse,Prof-specialty,Husband,White,Male,7688,0,40,United-States,>50K
39,Private,229647,Bachelors,13,Never-married,Tech-support,Not-in-family,White,Female,0,1669,40,United-States,<=50K
38,Private,149347,Masters,14,Married-civ-spouse,Prof-specialty,Husband,White,Male,0,0,50,United-States,>50K
43,Local-gov,23157,Masters,14,Married-civ-spouse,Exec-managerial,Husband,White,Male,0,1902,50,United-States,>50K
23,Private,93977,HS-grad,9,Never-married,Machine-op-inspct,Own-child,White,Male,0,0,40,United-States,<=50K
73,Self-emp-inc,159691,Some-college,10,Divorced,Exec-managerial,Not-in-family,White,Female,0,0,40,United-States,<=50K
35,Private,176967,Some-college,10,Married-civ-spouse,Protective-serv,Husband,White,Male,0,0,40,United-States,<=50K
66,Private,344436,HS-grad,9,Widowed,Sales,Other-relative,White,Female,0,0,8,United-States,<=50K
27,Private,430340,Some-college,10,Never-married,Sales,Not-in-family,White,Female,0,0,45,United-States,<=50K
40,Private,202168,Prof-school,15,Married-civ-spouse,Prof-specialty,Husband,White,Male,15024,0,55,United-States,>50K
51,Private,82720,HS-grad,9,Married-civ-spouse,Craft-repair,Husband,White,Male,0,0,40,United-States,<=50K
22,Private,269623,Some-college,10,Never-married,Craft-repair,Own-child,White,Male,0,0,40,United-States,<=50K
64,Self-emp-not-inc,136405,HS-grad,9,Widowed,Farming-fishing,Not-in-family,White,Male,0,0,32,United-States,<=50K
50,Local-gov,139347,Masters,14,Married-civ-spouse,Prof-specialty,Wife,White,Female,0,0,40,?,>50K
55,Private,224655,HS-grad,9,Separated,Priv-house-serv,Not-in-family,White,Female,0,0,32,United-States,<=50K
38,Private,247547,Assoc-voc,11,Never-married,Adm-clerical,Unmarried,Black,Female,0,0,40,United-States,<=50K
58,Private,292710,Assoc-acdm,12,Divorced,Prof-specialty,Not-in-family,White,Male,0,0,36,United-States,<=50K
32,Private,173449,HS-grad,9,Married-civ-spouse,Handlers-cleaners,Husband,White,Male,0,0,40,United-States,<=50K
48,Private,285570,HS-grad,9,Married-civ-spouse,Adm-clerical,Husband,White,Male,0,0,40,United-States,<=50K
61,Private,89686,HS-grad,9,Married-civ-spouse,Sales,Husband,White,Male,0,0,48,United-States,<=50K
31,Private,440129,HS-grad,9,Married-civ-spouse,Craft-repair,Husband,White,Male,0,0,40,United-States,<=50K
25,Private,350977,HS-grad,9,Never-married,Other-service,Own-child,White,Female,0,0,40,United-States,<=50K
48,Local-gov,349230,Masters,14,Divorced,Other-service,Not-in-family,White,Male,0,0,40,United-States,<=50K
33,Private,245211,Bachelors,13,Never-married,Prof-specialty,Own-child,White,Male,0,0,40,United-States,<=50K
39,Private,215419,Bachelors,13,Divorced,Prof-specialty,Not-in-family,White,Female,0,0,36,United-States,<=50K
64,?,321403,HS-grad,9,Widowed,?,Other-relative,Black,Male,0,0,40,United-States,<=50K
38,Private,374983,Bachelors,13,Married-civ-spouse,Prof-specialty,Husband,White,Male,0,0,50,United-States,<=50K
44,Private,83891,Bachelors,13,Divorced,Adm-clerical,Own-child,Asian-Pac-Islander,Male,5455,0,40,United-States,<=50K
35,Self-emp-inc,182148,Bachelors,13,Married-civ-spouse,Exec-managerial,Husband,White,Male,0,0,60,United-States,>50K
